wp_id,old_url,new_permalink,output_file
6,https://gdfm.me/2009/11/18/6/,/blog/2009/11/6/,/mnt/data/kenkyuu_jekyll_blog_clean_frontmatter/_posts/2009-11-18-6.md
4,https://gdfm.me/2009/12/18/cloudbert/,/blog/2009/12/cloudbert/,/mnt/data/kenkyuu_jekyll_blog_clean_frontmatter/_posts/2009-12-18-cloudbert.md
26,https://gdfm.me/2010/01/18/petabyte-scale-cloud-computing/,/blog/2010/01/petabyte-scale-cloud-computing/,/mnt/data/kenkyuu_jekyll_blog_clean_frontmatter/_posts/2010-01-18-petabyte-scale-cloud-computing.md
40,https://gdfm.me/2010/01/22/scale-free-systems/,/blog/2010/01/scale-free-systems/,/mnt/data/kenkyuu_jekyll_blog_clean_frontmatter/_posts/2010-01-22-scale-free-systems.md
47,https://gdfm.me/2010/01/22/grad-school-unemployment/,/blog/2010/01/grad-school-unemployment/,/mnt/data/kenkyuu_jekyll_blog_clean_frontmatter/_posts/2010-01-22-grad-school-unemployment.md
52,https://gdfm.me/2010/02/14/morning-thought/,/blog/2010/02/morning-thought/,/mnt/data/kenkyuu_jekyll_blog_clean_frontmatter/_posts/2010-02-14-morning-thought.md
53,https://gdfm.me/2010/02/20/hpc-europa2/,/blog/2010/02/hpc-europa2/,/mnt/data/kenkyuu_jekyll_blog_clean_frontmatter/_posts/2010-02-20-hpc-europa2.md
56,https://gdfm.me/2010/02/21/phd-thesis-proposal/,/blog/2010/02/phd-thesis-proposal/,/mnt/data/kenkyuu_jekyll_blog_clean_frontmatter/_posts/2010-02-21-phd-thesis-proposal.md
63,https://gdfm.me/2010/02/24/unbelieavable-verdict/,/blog/2010/02/unbelieavable-verdict/,/mnt/data/kenkyuu_jekyll_blog_clean_frontmatter/_posts/2010-02-24-unbelieavable-verdict.md
69,https://gdfm.me/2010/02/25/morning-thought-2/,/blog/2010/02/morning-thought-2/,/mnt/data/kenkyuu_jekyll_blog_clean_frontmatter/_posts/2010-02-25-morning-thought-2.md
72,https://gdfm.me/2010/03/03/engineer/,/blog/2010/03/engineer/,/mnt/data/kenkyuu_jekyll_blog_clean_frontmatter/_posts/2010-03-03-engineer.md
77,https://gdfm.me/2010/03/11/russian-saying/,/blog/2010/03/russian-saying/,/mnt/data/kenkyuu_jekyll_blog_clean_frontmatter/_posts/2010-03-11-russian-saying.md
62,https://gdfm.me/2010/03/17/vk-net/,/blog/2010/03/vk-net/,/mnt/data/kenkyuu_jekyll_blog_clean_frontmatter/_posts/2010-03-17-vk-net.md
80,https://gdfm.me/2010/03/27/the-end/,/blog/2010/03/the-end/,/mnt/data/kenkyuu_jekyll_blog_clean_frontmatter/_posts/2010-03-27-the-end.md
83,https://gdfm.me/2010/04/12/freedom-in-the-cloud/,/blog/2010/04/freedom-in-the-cloud/,/mnt/data/kenkyuu_jekyll_blog_clean_frontmatter/_posts/2010-04-12-freedom-in-the-cloud.md
85,https://gdfm.me/2010/04/27/gsoc/,/blog/2010/04/gsoc/,/mnt/data/kenkyuu_jekyll_blog_clean_frontmatter/_posts/2010-04-27-gsoc.md
89,https://gdfm.me/2010/05/01/life/,/blog/2010/05/life/,/mnt/data/kenkyuu_jekyll_blog_clean_frontmatter/_posts/2010-05-01-life.md
97,https://gdfm.me/2010/05/02/happiness/,/blog/2010/05/happiness/,/mnt/data/kenkyuu_jekyll_blog_clean_frontmatter/_posts/2010-05-02-happiness.md
116,https://gdfm.me/2010/06/11/numbers-everyone-should-know/,/blog/2010/06/numbers-everyone-should-know/,/mnt/data/kenkyuu_jekyll_blog_clean_frontmatter/_posts/2010-06-11-numbers-everyone-should-know.md
100,https://gdfm.me/2010/07/28/continuous-growth/,/blog/2010/07/continuous-growth/,/mnt/data/kenkyuu_jekyll_blog_clean_frontmatter/_posts/2010-07-28-continuous-growth.md
118,https://gdfm.me/2010/08/03/how-to-run-a-minicluster-based-junit-test-with-eclipse/,/blog/2010/08/how-to-run-a-minicluster-based-junit-test-with-eclipse/,/mnt/data/kenkyuu_jekyll_blog_clean_frontmatter/_posts/2010-08-03-how-to-run-a-minicluster-based-junit-test-with-eclipse.md
124,https://gdfm.me/2010/08/07/zebras-do-not-have-feelings/,/blog/2010/08/zebras-do-not-have-feelings/,/mnt/data/kenkyuu_jekyll_blog_clean_frontmatter/_posts/2010-08-07-zebras-do-not-have-feelings.md
159,https://gdfm.me/2010/08/17/geeks-and-nerds/,/blog/2010/08/geeks-and-nerds/,/mnt/data/kenkyuu_jekyll_blog_clean_frontmatter/_posts/2010-08-17-geeks-and-nerds.md
146,https://gdfm.me/2010/09/01/gsoc-wrap-up/,/blog/2010/09/gsoc-wrap-up/,/mnt/data/kenkyuu_jekyll_blog_clean_frontmatter/_posts/2010-09-01-gsoc-wrap-up.md
170,https://gdfm.me/2010/09/05/summer-summary/,/blog/2010/09/summer-summary/,/mnt/data/kenkyuu_jekyll_blog_clean_frontmatter/_posts/2010-09-05-summer-summary.md
177,https://gdfm.me/2010/09/23/%c2%a1y/,/blog/2010/09/%c2%a1y/,/mnt/data/kenkyuu_jekyll_blog_clean_frontmatter/_posts/2010-09-23-c2-a1y.md
175,https://gdfm.me/2010/10/04/archnemesis/,/blog/2010/10/archnemesis/,/mnt/data/kenkyuu_jekyll_blog_clean_frontmatter/_posts/2010-10-04-archnemesis.md
180,https://gdfm.me/2010/10/18/quote-of-the-day/,/blog/2010/10/quote-of-the-day/,/mnt/data/kenkyuu_jekyll_blog_clean_frontmatter/_posts/2010-10-18-quote-of-the-day.md
189,https://gdfm.me/2010/11/01/the-problem-of%c2%a0the%c2%a0world/,/blog/2010/11/the-problem-of%c2%a0the%c2%a0world/,/mnt/data/kenkyuu_jekyll_blog_clean_frontmatter/_posts/2010-11-01-the-problem-of-c2-a0the-c2-a0world.md
37,https://gdfm.me/2010/12/01/define-cloud-computing/,/blog/2010/12/define-cloud-computing/,/mnt/data/kenkyuu_jekyll_blog_clean_frontmatter/_posts/2010-12-01-define-cloud-computing.md
193,https://gdfm.me/2010/12/09/night-thought/,/blog/2010/12/night-thought/,/mnt/data/kenkyuu_jekyll_blog_clean_frontmatter/_posts/2010-12-09-night-thought.md
219,https://gdfm.me/2010/12/27/icdm-2010-in-oz/,/blog/2010/12/icdm-2010-in-oz/,/mnt/data/kenkyuu_jekyll_blog_clean_frontmatter/_posts/2010-12-27-icdm-2010-in-oz.md
221,https://gdfm.me/2010/12/29/experience-is-overrated/,/blog/2010/12/experience-is-overrated/,/mnt/data/kenkyuu_jekyll_blog_clean_frontmatter/_posts/2010-12-29-experience-is-overrated.md
244,https://gdfm.me/2011/01/02/2010-in-review/,/blog/2011/01/2010-in-review/,/mnt/data/kenkyuu_jekyll_blog_clean_frontmatter/_posts/2011-01-02-2010-in-review.md
258,https://gdfm.me/2011/01/02/kings-of-leon-sex-on-fire/,/blog/2011/01/kings-of-leon-sex-on-fire/,/mnt/data/kenkyuu_jekyll_blog_clean_frontmatter/_posts/2011-01-02-kings-of-leon-sex-on-fire.md
271,https://gdfm.me/2011/01/03/save-the-last-rss/,/blog/2011/01/save-the-last-rss/,/mnt/data/kenkyuu_jekyll_blog_clean_frontmatter/_posts/2011-01-03-save-the-last-rss.md
216,https://gdfm.me/2011/01/06/smaq-vs-cd/,/blog/2011/01/smaq-vs-cd/,/mnt/data/kenkyuu_jekyll_blog_clean_frontmatter/_posts/2011-01-06-smaq-vs-cd.md
319,https://gdfm.me/2011/01/07/cloud-consulting/,/blog/2011/01/cloud-consulting/,/mnt/data/kenkyuu_jekyll_blog_clean_frontmatter/_posts/2011-01-07-cloud-consulting.md
326,https://gdfm.me/2011/01/08/paradise/,/blog/2011/01/paradise/,/mnt/data/kenkyuu_jekyll_blog_clean_frontmatter/_posts/2011-01-08-paradise.md
325,https://gdfm.me/2011/01/14/imprevisto/,/blog/2011/01/imprevisto/,/mnt/data/kenkyuu_jekyll_blog_clean_frontmatter/_posts/2011-01-14-imprevisto.md
331,https://gdfm.me/2011/01/23/kenkyuu-means/,/blog/2011/01/kenkyuu-means/,/mnt/data/kenkyuu_jekyll_blog_clean_frontmatter/_posts/2011-01-23-kenkyuu-means.md
339,https://gdfm.me/2011/02/01/quote-of-the-day-2/,/blog/2011/02/quote-of-the-day-2/,/mnt/data/kenkyuu_jekyll_blog_clean_frontmatter/_posts/2011-02-01-quote-of-the-day-2.md
336,https://gdfm.me/2011/02/19/code-quality-vs-time-left-to-deadline/,/blog/2011/02/code-quality-vs-time-left-to-deadline/,/mnt/data/kenkyuu_jekyll_blog_clean_frontmatter/_posts/2011-02-19-code-quality-vs-time-left-to-deadline.md
341,https://gdfm.me/2011/03/14/people-just-dont-understand/,/blog/2011/03/people-just-dont-understand/,/mnt/data/kenkyuu_jekyll_blog_clean_frontmatter/_posts/2011-03-14-people-just-dont-understand.md
363,https://gdfm.me/2011/03/19/v-i-p/,/blog/2011/03/v-i-p/,/mnt/data/kenkyuu_jekyll_blog_clean_frontmatter/_posts/2011-03-19-v-i-p.md
366,https://gdfm.me/2011/03/19/social-content-matching-in-mapreduce-vldb/,/blog/2011/03/social-content-matching-in-mapreduce-vldb/,/mnt/data/kenkyuu_jekyll_blog_clean_frontmatter/_posts/2011-03-19-social-content-matching-in-mapreduce-vldb.md
359,https://gdfm.me/2011/04/06/amygdala-farmville/,/blog/2011/04/amygdala-farmville/,/mnt/data/kenkyuu_jekyll_blog_clean_frontmatter/_posts/2011-04-06-amygdala-farmville.md
397,https://gdfm.me/2011/04/12/my-field/,/blog/2011/04/my-field/,/mnt/data/kenkyuu_jekyll_blog_clean_frontmatter/_posts/2011-04-12-my-field.md
412,https://gdfm.me/2011/04/16/quote-of-the-day-3/,/blog/2011/04/quote-of-the-day-3/,/mnt/data/kenkyuu_jekyll_blog_clean_frontmatter/_posts/2011-04-16-quote-of-the-day-3.md
394,https://gdfm.me/2011/04/18/wikipedia-miner/,/blog/2011/04/wikipedia-miner/,/mnt/data/kenkyuu_jekyll_blog_clean_frontmatter/_posts/2011-04-18-wikipedia-miner.md
442,https://gdfm.me/2011/04/25/sugar-for-pig-gsoc11/,/blog/2011/04/sugar-for-pig-gsoc11/,/mnt/data/kenkyuu_jekyll_blog_clean_frontmatter/_posts/2011-04-25-sugar-for-pig-gsoc11.md
446,https://gdfm.me/2011/05/07/tough-environment/,/blog/2011/05/tough-environment/,/mnt/data/kenkyuu_jekyll_blog_clean_frontmatter/_posts/2011-05-07-tough-environment.md
460,https://gdfm.me/2011/05/08/ambiguous-dedication/,/blog/2011/05/ambiguous-dedication/,/mnt/data/kenkyuu_jekyll_blog_clean_frontmatter/_posts/2011-05-08-ambiguous-dedication.md
463,https://gdfm.me/2011/05/09/la-leche/,/blog/2011/05/la-leche/,/mnt/data/kenkyuu_jekyll_blog_clean_frontmatter/_posts/2011-05-09-la-leche.md
507,https://gdfm.me/2011/05/19/golden-brown/,/blog/2011/05/golden-brown/,/mnt/data/kenkyuu_jekyll_blog_clean_frontmatter/_posts/2011-05-19-golden-brown.md
488,https://gdfm.me/2011/05/24/git-to-svn-patch/,/blog/2011/05/git-to-svn-patch/,/mnt/data/kenkyuu_jekyll_blog_clean_frontmatter/_posts/2011-05-24-git-to-svn-patch.md
527,https://gdfm.me/2011/06/06/the-cloud/,/blog/2011/06/the-cloud/,/mnt/data/kenkyuu_jekyll_blog_clean_frontmatter/_posts/2011-06-06-the-cloud.md
512,https://gdfm.me/2011/06/08/stonebraker-changes-idea-on-nosql/,/blog/2011/06/stonebraker-changes-idea-on-nosql/,/mnt/data/kenkyuu_jekyll_blog_clean_frontmatter/_posts/2011-06-08-stonebraker-changes-idea-on-nosql.md
228,https://gdfm.me/2011/06/10/iterative-algorithms-in-hadoop/,/blog/2011/06/iterative-algorithms-in-hadoop/,/mnt/data/kenkyuu_jekyll_blog_clean_frontmatter/_posts/2011-06-10-iterative-algorithms-in-hadoop.md
485,https://gdfm.me/2011/06/18/grokking-data/,/blog/2011/06/grokking-data/,/mnt/data/kenkyuu_jekyll_blog_clean_frontmatter/_posts/2011-06-18-grokking-data.md
555,https://gdfm.me/2011/06/22/expectations/,/blog/2011/06/expectations/,/mnt/data/kenkyuu_jekyll_blog_clean_frontmatter/_posts/2011-06-22-expectations.md
562,https://gdfm.me/2011/07/01/pointers-in-c/,/blog/2011/07/pointers-in-c/,/mnt/data/kenkyuu_jekyll_blog_clean_frontmatter/_posts/2011-07-01-pointers-in-c.md
565,https://gdfm.me/2011/07/06/gentle-manners/,/blog/2011/07/gentle-manners/,/mnt/data/kenkyuu_jekyll_blog_clean_frontmatter/_posts/2011-07-06-gentle-manners.md
576,https://gdfm.me/2011/07/25/sugar-for-pig-update/,/blog/2011/07/sugar-for-pig-update/,/mnt/data/kenkyuu_jekyll_blog_clean_frontmatter/_posts/2011-07-25-sugar-for-pig-update.md
581,https://gdfm.me/2011/08/01/coming-soon/,/blog/2011/08/coming-soon/,/mnt/data/kenkyuu_jekyll_blog_clean_frontmatter/_posts/2011-08-01-coming-soon.md
599,https://gdfm.me/2011/08/02/pig-committer/,/blog/2011/08/pig-committer/,/mnt/data/kenkyuu_jekyll_blog_clean_frontmatter/_posts/2011-08-02-pig-committer.md
620,https://gdfm.me/2011/08/31/change/,/blog/2011/08/change/,/mnt/data/kenkyuu_jekyll_blog_clean_frontmatter/_posts/2011-08-31-change.md
624,https://gdfm.me/2011/09/05/usa-style/,/blog/2011/09/usa-style/,/mnt/data/kenkyuu_jekyll_blog_clean_frontmatter/_posts/2011-09-05-usa-style.md
602,https://gdfm.me/2011/09/15/beginthesis/,/blog/2011/09/beginthesis/,/mnt/data/kenkyuu_jekyll_blog_clean_frontmatter/_posts/2011-09-15-beginthesis.md
629,https://gdfm.me/2011/10/12/quote-of-the-day-science-vs-engineering/,/blog/2011/10/quote-of-the-day-science-vs-engineering/,/mnt/data/kenkyuu_jekyll_blog_clean_frontmatter/_posts/2011-10-12-quote-of-the-day-science-vs-engineering.md
191,https://gdfm.me/2011/11/05/quote-of-the-day-4/,/blog/2011/11/quote-of-the-day-4/,/mnt/data/kenkyuu_jekyll_blog_clean_frontmatter/_posts/2011-11-05-quote-of-the-day-4.md
570,https://gdfm.me/2011/11/19/bsp-with-hadoop-and-without/,/blog/2011/11/bsp-with-hadoop-and-without/,/mnt/data/kenkyuu_jekyll_blog_clean_frontmatter/_posts/2011-11-19-bsp-with-hadoop-and-without.md
650,https://gdfm.me/2011/12/19/google-20/,/blog/2011/12/google-20/,/mnt/data/kenkyuu_jekyll_blog_clean_frontmatter/_posts/2011-12-19-google-20.md
653,https://gdfm.me/2011/12/23/ai-ml-classes/,/blog/2011/12/ai-ml-classes/,/mnt/data/kenkyuu_jekyll_blog_clean_frontmatter/_posts/2011-12-23-ai-ml-classes.md
682,https://gdfm.me/2011/12/29/my-job-is-reducing/,/blog/2011/12/my-job-is-reducing/,/mnt/data/kenkyuu_jekyll_blog_clean_frontmatter/_posts/2011-12-29-my-job-is-reducing.md
684,https://gdfm.me/2012/01/01/2011-in-review/,/blog/2012/01/2011-in-review/,/mnt/data/kenkyuu_jekyll_blog_clean_frontmatter/_posts/2012-01-01-2011-in-review.md
691,https://gdfm.me/2012/01/10/phd-thesis-title/,/blog/2012/01/phd-thesis-title/,/mnt/data/kenkyuu_jekyll_blog_clean_frontmatter/_posts/2012-01-10-phd-thesis-title.md
700,https://gdfm.me/2012/01/13/endthesis/,/blog/2012/01/endthesis/,/mnt/data/kenkyuu_jekyll_blog_clean_frontmatter/_posts/2012-01-13-endthesis.md
707,https://gdfm.me/2012/02/05/t-rex-promotional-tour/,/blog/2012/02/t-rex-promotional-tour/,/mnt/data/kenkyuu_jekyll_blog_clean_frontmatter/_posts/2012-02-05-t-rex-promotional-tour.md
711,https://gdfm.me/2012/02/16/on-reporting-acceptance-rates/,/blog/2012/02/on-reporting-acceptance-rates/,/mnt/data/kenkyuu_jekyll_blog_clean_frontmatter/_posts/2012-02-16-on-reporting-acceptance-rates.md
713,https://gdfm.me/2012/02/21/serial-vs-parallel/,/blog/2012/02/serial-vs-parallel/,/mnt/data/kenkyuu_jekyll_blog_clean_frontmatter/_posts/2012-02-21-serial-vs-parallel.md
716,https://gdfm.me/2012/02/28/closing-circles/,/blog/2012/02/closing-circles/,/mnt/data/kenkyuu_jekyll_blog_clean_frontmatter/_posts/2012-02-28-closing-circles.md
657,https://gdfm.me/2012/03/01/how-to-finish-your-phd-without-a-reject/,/blog/2012/03/how-to-finish-your-phd-without-a-reject/,/mnt/data/kenkyuu_jekyll_blog_clean_frontmatter/_posts/2012-03-01-how-to-finish-your-phd-without-a-reject.md
722,https://gdfm.me/2012/03/17/big-data-and-the-web-in-a-cloud/,/blog/2012/03/big-data-and-the-web-in-a-cloud/,/mnt/data/kenkyuu_jekyll_blog_clean_frontmatter/_posts/2012-03-17-big-data-and-the-web-in-a-cloud.md
736,https://gdfm.me/2012/03/19/phd/,/blog/2012/03/phd/,/mnt/data/kenkyuu_jekyll_blog_clean_frontmatter/_posts/2012-03-19-phd.md
745,https://gdfm.me/2012/03/22/i-could-get-used-to/,/blog/2012/03/i-could-get-used-to/,/mnt/data/kenkyuu_jekyll_blog_clean_frontmatter/_posts/2012-03-22-i-could-get-used-to.md
729,https://gdfm.me/2012/04/06/living-in-the-present/,/blog/2012/04/living-in-the-present/,/mnt/data/kenkyuu_jekyll_blog_clean_frontmatter/_posts/2012-04-06-living-in-the-present.md
769,https://gdfm.me/2012/05/01/lies/,/blog/2012/05/lies/,/mnt/data/kenkyuu_jekyll_blog_clean_frontmatter/_posts/2012-05-01-lies.md
778,https://gdfm.me/2012/05/03/the-true-problem-with-big-data-2/,/blog/2012/05/the-true-problem-with-big-data-2/,/mnt/data/kenkyuu_jekyll_blog_clean_frontmatter/_posts/2012-05-03-the-true-problem-with-big-data-2.md
781,https://gdfm.me/2012/05/12/140-character-slogan/,/blog/2012/05/140-character-slogan/,/mnt/data/kenkyuu_jekyll_blog_clean_frontmatter/_posts/2012-05-12-140-character-slogan.md
785,https://gdfm.me/2012/05/24/reclaim-unused-memory-on-os-x/,/blog/2012/05/reclaim-unused-memory-on-os-x/,/mnt/data/kenkyuu_jekyll_blog_clean_frontmatter/_posts/2012-05-24-reclaim-unused-memory-on-os-x.md
760,https://gdfm.me/2012/05/24/gsoc-2012-the-other-side-of-the-fence/,/blog/2012/05/gsoc-2012-the-other-side-of-the-fence/,/mnt/data/kenkyuu_jekyll_blog_clean_frontmatter/_posts/2012-05-24-gsoc-2012-the-other-side-of-the-fence.md
794,https://gdfm.me/2012/06/16/794/,/blog/2012/06/794/,/mnt/data/kenkyuu_jekyll_blog_clean_frontmatter/_posts/2012-06-16-794.md
753,https://gdfm.me/2012/07/07/american-style-breakfast/,/blog/2012/07/american-style-breakfast/,/mnt/data/kenkyuu_jekyll_blog_clean_frontmatter/_posts/2012-07-07-american-style-breakfast.md
810,https://gdfm.me/2012/07/08/no-comment/,/blog/2012/07/no-comment/,/mnt/data/kenkyuu_jekyll_blog_clean_frontmatter/_posts/2012-07-08-no-comment.md
616,https://gdfm.me/2012/07/14/the-real-meaning-of-a-phd/,/blog/2012/07/the-real-meaning-of-a-phd/,/mnt/data/kenkyuu_jekyll_blog_clean_frontmatter/_posts/2012-07-14-the-real-meaning-of-a-phd.md
816,https://gdfm.me/2012/07/18/sow-and-reap/,/blog/2012/07/sow-and-reap/,/mnt/data/kenkyuu_jekyll_blog_clean_frontmatter/_posts/2012-07-18-sow-and-reap.md
822,https://gdfm.me/2012/07/30/big-data/,/blog/2012/07/big-data/,/mnt/data/kenkyuu_jekyll_blog_clean_frontmatter/_posts/2012-07-30-big-data.md
799,https://gdfm.me/2012/08/31/vita-fugit-sicut-umbra/,/blog/2012/08/vita-fugit-sicut-umbra/,/mnt/data/kenkyuu_jekyll_blog_clean_frontmatter/_posts/2012-08-31-vita-fugit-sicut-umbra.md
830,https://gdfm.me/2012/09/21/california-dreamin/,/blog/2012/09/california-dreamin/,/mnt/data/kenkyuu_jekyll_blog_clean_frontmatter/_posts/2012-09-21-california-dreamin.md
841,https://gdfm.me/2012/09/22/law-of-debate/,/blog/2012/09/law-of-debate/,/mnt/data/kenkyuu_jekyll_blog_clean_frontmatter/_posts/2012-09-22-law-of-debate.md
846,https://gdfm.me/2012/09/25/where-is-the-science-in-computer-science/,/blog/2012/09/where-is-the-science-in-computer-science/,/mnt/data/kenkyuu_jekyll_blog_clean_frontmatter/_posts/2012-09-25-where-is-the-science-in-computer-science.md
853,https://gdfm.me/2012/10/02/the-amazing-power-of-software/,/blog/2012/10/the-amazing-power-of-software/,/mnt/data/kenkyuu_jekyll_blog_clean_frontmatter/_posts/2012-10-02-the-amazing-power-of-software.md
863,https://gdfm.me/2012/10/27/the-rise-of-the-dremel-clones/,/blog/2012/10/the-rise-of-the-dremel-clones/,/mnt/data/kenkyuu_jekyll_blog_clean_frontmatter/_posts/2012-10-27-the-rise-of-the-dremel-clones.md
885,https://gdfm.me/2012/11/07/democracy-in-the-usa/,/blog/2012/11/democracy-in-the-usa/,/mnt/data/kenkyuu_jekyll_blog_clean_frontmatter/_posts/2012-11-07-democracy-in-the-usa.md
888,https://gdfm.me/2012/11/07/quote-of-the-day-5/,/blog/2012/11/quote-of-the-day-5/,/mnt/data/kenkyuu_jekyll_blog_clean_frontmatter/_posts/2012-11-07-quote-of-the-day-5.md
893,https://gdfm.me/2012/11/09/insert-a-blank-line-after-each-change-of-pattern/,/blog/2012/11/insert-a-blank-line-after-each-change-of-pattern/,/mnt/data/kenkyuu_jekyll_blog_clean_frontmatter/_posts/2012-11-09-insert-a-blank-line-after-each-change-of-pattern.md
902,https://gdfm.me/2012/11/27/data-scientist/,/blog/2012/11/data-scientist/,/mnt/data/kenkyuu_jekyll_blog_clean_frontmatter/_posts/2012-11-27-data-scientist.md
874,https://gdfm.me/2012/12/24/random-notes-about-san-francisco-california-the-universe-and-everything/,/blog/2012/12/random-notes-about-san-francisco-california-the-universe-and-everything/,/mnt/data/kenkyuu_jekyll_blog_clean_frontmatter/_posts/2012-12-24-random-notes-about-san-francisco-california-the-universe-and-everything.md
916,https://gdfm.me/2012/12/24/quote-of-the-day-6/,/blog/2012/12/quote-of-the-day-6/,/mnt/data/kenkyuu_jekyll_blog_clean_frontmatter/_posts/2012-12-24-quote-of-the-day-6.md
919,https://gdfm.me/2012/12/25/in-defense-of-keeping-data-private/,/blog/2012/12/in-defense-of-keeping-data-private/,/mnt/data/kenkyuu_jekyll_blog_clean_frontmatter/_posts/2012-12-25-in-defense-of-keeping-data-private.md
942,https://gdfm.me/2012/12/28/how-we-build-things/,/blog/2012/12/how-we-build-things/,/mnt/data/kenkyuu_jekyll_blog_clean_frontmatter/_posts/2012-12-28-how-we-build-things.md
951,https://gdfm.me/2012/12/31/2012-in-review/,/blog/2012/12/2012-in-review/,/mnt/data/kenkyuu_jekyll_blog_clean_frontmatter/_posts/2012-12-31-2012-in-review.md
911,https://gdfm.me/2013/01/02/storm-parallelism/,/blog/2013/01/storm-parallelism/,/mnt/data/kenkyuu_jekyll_blog_clean_frontmatter/_posts/2013-01-02-storm-parallelism.md
860,https://gdfm.me/2013/01/02/distributed-stream-processing-showdown-s4-vs-storm/,/blog/2013/01/distributed-stream-processing-showdown-s4-vs-storm/,/mnt/data/kenkyuu_jekyll_blog_clean_frontmatter/_posts/2013-01-02-distributed-stream-processing-showdown-s4-vs-storm.md
961,https://gdfm.me/2013/01/05/whatsapp-and-iphone-3g-pure-unprofessionalism/,/blog/2013/01/whatsapp-and-iphone-3g-pure-unprofessionalism/,/mnt/data/kenkyuu_jekyll_blog_clean_frontmatter/_posts/2013-01-05-whatsapp-and-iphone-3g-pure-unprofessionalism.md
965,https://gdfm.me/2013/01/08/first-workshop-on-social-news-on-the-web-www-13-rio-de-janeiro-brazil/,/blog/2013/01/first-workshop-on-social-news-on-the-web-www-13-rio-de-janeiro-brazil/,/mnt/data/kenkyuu_jekyll_blog_clean_frontmatter/_posts/2013-01-08-first-workshop-on-social-news-on-the-web-www-13-rio-de-janeiro-brazil.md
976,https://gdfm.me/2013/01/11/976/,/blog/2013/01/976/,/mnt/data/kenkyuu_jekyll_blog_clean_frontmatter/_posts/2013-01-11-976.md
988,https://gdfm.me/2013/02/17/half-marathon/,/blog/2013/02/half-marathon/,/mnt/data/kenkyuu_jekyll_blog_clean_frontmatter/_posts/2013-02-17-half-marathon.md
992,https://gdfm.me/2013/03/01/research-makes-you-feel-stupid/,/blog/2013/03/research-makes-you-feel-stupid/,/mnt/data/kenkyuu_jekyll_blog_clean_frontmatter/_posts/2013-03-01-research-makes-you-feel-stupid.md
1013,https://gdfm.me/2013/04/05/big-data-is-sort-of-like-zen/,/blog/2013/04/big-data-is-sort-of-like-zen/,/mnt/data/kenkyuu_jekyll_blog_clean_frontmatter/_posts/2013-04-05-big-data-is-sort-of-like-zen.md
914,https://gdfm.me/2013/04/06/google-glass-and-the-black-mirror/,/blog/2013/04/google-glass-and-the-black-mirror/,/mnt/data/kenkyuu_jekyll_blog_clean_frontmatter/_posts/2013-04-06-google-glass-and-the-black-mirror.md
1031,https://gdfm.me/2013/05/02/algorithms-every-data-scientist-should-know-reservoir-sampling/,/blog/2013/05/algorithms-every-data-scientist-should-know-reservoir-sampling/,/mnt/data/kenkyuu_jekyll_blog_clean_frontmatter/_posts/2013-05-02-algorithms-every-data-scientist-should-know-reservoir-sampling.md
1062,https://gdfm.me/2013/06/25/frequentist-vs-bayesian/,/blog/2013/06/frequentist-vs-bayesian/,/mnt/data/kenkyuu_jekyll_blog_clean_frontmatter/_posts/2013-06-25-frequentist-vs-bayesian.md
852,https://gdfm.me/2013/07/09/the-amazing-power-of-software-2/,/blog/2013/07/the-amazing-power-of-software-2/,/mnt/data/kenkyuu_jekyll_blog_clean_frontmatter/_posts/2013-07-09-the-amazing-power-of-software-2.md
979,https://gdfm.me/2013/08/30/performance-a-matter-of-scale/,/blog/2013/08/performance-a-matter-of-scale/,/mnt/data/kenkyuu_jekyll_blog_clean_frontmatter/_posts/2013-08-30-performance-a-matter-of-scale.md
1057,https://gdfm.me/2013/09/22/the-art-of-approximating-distributions-histograms-and-quantiles-at-scale/,/blog/2013/09/the-art-of-approximating-distributions-histograms-and-quantiles-at-scale/,/mnt/data/kenkyuu_jekyll_blog_clean_frontmatter/_posts/2013-09-22-the-art-of-approximating-distributions-histograms-and-quantiles-at-scale.md
1072,https://gdfm.me/2013/10/29/samoa-an-open-source-platform-for-mining-big-data-streams/,/blog/2013/10/samoa-an-open-source-platform-for-mining-big-data-streams/,/mnt/data/kenkyuu_jekyll_blog_clean_frontmatter/_posts/2013-10-29-samoa-an-open-source-platform-for-mining-big-data-streams.md
1078,https://gdfm.me/2013/11/20/let-it-snow/,/blog/2013/11/let-it-snow/,/mnt/data/kenkyuu_jekyll_blog_clean_frontmatter/_posts/2013-11-20-let-it-snow.md
1092,https://gdfm.me/2013/12/17/the-log-and-the-stream/,/blog/2013/12/the-log-and-the-stream/,/mnt/data/kenkyuu_jekyll_blog_clean_frontmatter/_posts/2013-12-17-the-log-and-the-stream.md
1094,https://gdfm.me/2013/12/22/the-bestseller-psychology/,/blog/2013/12/the-bestseller-psychology/,/mnt/data/kenkyuu_jekyll_blog_clean_frontmatter/_posts/2013-12-22-the-bestseller-psychology.md
1096,https://gdfm.me/2013/12/31/2013-in-review/,/blog/2013/12/2013-in-review/,/mnt/data/kenkyuu_jekyll_blog_clean_frontmatter/_posts/2013-12-31-2013-in-review.md
1018,https://gdfm.me/2014/01/11/my-first-cube/,/blog/2014/01/my-first-cube/,/mnt/data/kenkyuu_jekyll_blog_clean_frontmatter/_posts/2014-01-11-my-first-cube.md
1106,https://gdfm.me/2014/02/18/quote-of-the-day-silence/,/blog/2014/02/quote-of-the-day-silence/,/mnt/data/kenkyuu_jekyll_blog_clean_frontmatter/_posts/2014-02-18-quote-of-the-day-silence.md
1115,https://gdfm.me/2014/03/14/industrial-research/,/blog/2014/03/industrial-research/,/mnt/data/kenkyuu_jekyll_blog_clean_frontmatter/_posts/2014-03-14-industrial-research.md
1126,https://gdfm.me/2014/04/30/quote-of-the-day-7/,/blog/2014/04/quote-of-the-day-7/,/mnt/data/kenkyuu_jekyll_blog_clean_frontmatter/_posts/2014-04-30-quote-of-the-day-7.md
1135,https://gdfm.me/2014/05/30/taga-obstacles-to-innovation/,/blog/2014/05/taga-obstacles-to-innovation/,/mnt/data/kenkyuu_jekyll_blog_clean_frontmatter/_posts/2014-05-30-taga-obstacles-to-innovation.md
1147,https://gdfm.me/2014/06/28/why-are-we-humans-intelligent-because-we-cook/,/blog/2014/06/why-are-we-humans-intelligent-because-we-cook/,/mnt/data/kenkyuu_jekyll_blog_clean_frontmatter/_posts/2014-06-28-why-are-we-humans-intelligent-because-we-cook.md
1150,https://gdfm.me/2014/06/29/in-defense-of-facebook-citation-needed/,/blog/2014/06/in-defense-of-facebook-citation-needed/,/mnt/data/kenkyuu_jekyll_blog_clean_frontmatter/_posts/2014-06-29-in-defense-of-facebook-citation-needed.md
1152,https://gdfm.me/2014/07/01/quote-of-the-day-8/,/blog/2014/07/quote-of-the-day-8/,/mnt/data/kenkyuu_jekyll_blog_clean_frontmatter/_posts/2014-07-01-quote-of-the-day-8.md
1161,https://gdfm.me/2014/07/20/the-secret-of-effective-motivation-nytimes-com/,/blog/2014/07/the-secret-of-effective-motivation-nytimes-com/,/mnt/data/kenkyuu_jekyll_blog_clean_frontmatter/_posts/2014-07-20-the-secret-of-effective-motivation-nytimes-com.md
1164,https://gdfm.me/2014/07/20/data-science-or-data-engineering/,/blog/2014/07/data-science-or-data-engineering/,/mnt/data/kenkyuu_jekyll_blog_clean_frontmatter/_posts/2014-07-20-data-science-or-data-engineering.md
1173,https://gdfm.me/2014/08/18/quote-of-the-day-9/,/blog/2014/08/quote-of-the-day-9/,/mnt/data/kenkyuu_jekyll_blog_clean_frontmatter/_posts/2014-08-18-quote-of-the-day-9.md
1180,https://gdfm.me/2014/09/14/quote-of-the-day-10/,/blog/2014/09/quote-of-the-day-10/,/mnt/data/kenkyuu_jekyll_blog_clean_frontmatter/_posts/2014-09-14-quote-of-the-day-10.md
1209,https://gdfm.me/2014/11/24/out-the-window/,/blog/2014/11/out-the-window/,/mnt/data/kenkyuu_jekyll_blog_clean_frontmatter/_posts/2014-11-24-out-the-window.md
905,https://gdfm.me/2014/12/26/big-data-the-term/,/blog/2014/12/big-data-the-term/,/mnt/data/kenkyuu_jekyll_blog_clean_frontmatter/_posts/2014-12-26-big-data-the-term.md
1223,https://gdfm.me/2015/01/05/2014-in-review/,/blog/2015/01/2014-in-review/,/mnt/data/kenkyuu_jekyll_blog_clean_frontmatter/_posts/2015-01-05-2014-in-review.md
1250,https://gdfm.me/2015/03/31/finnish-efficiency/,/blog/2015/03/finnish-efficiency/,/mnt/data/kenkyuu_jekyll_blog_clean_frontmatter/_posts/2015-03-31-finnish-efficiency.md
1255,https://gdfm.me/2015/04/09/quote-of-the-day-11/,/blog/2015/04/quote-of-the-day-11/,/mnt/data/kenkyuu_jekyll_blog_clean_frontmatter/_posts/2015-04-09-quote-of-the-day-11.md
1291,https://gdfm.me/2015/09/08/the-origin-of-the-mac-til/,/blog/2015/09/the-origin-of-the-mac-til/,/mnt/data/kenkyuu_jekyll_blog_clean_frontmatter/_posts/2015-09-08-the-origin-of-the-mac-til.md
1300,https://gdfm.me/2015/10/12/scalable-facility-location-for-massive-graphs-on-pregel-like-systems-northern-bytes/,/blog/2015/10/scalable-facility-location-for-massive-graphs-on-pregel-like-systems-northern-bytes/,/mnt/data/kenkyuu_jekyll_blog_clean_frontmatter/_posts/2015-10-12-scalable-facility-location-for-massive-graphs-on-pregel-like-systems-northern-bytes.md
1313,https://gdfm.me/2015/11/01/structured-procrastination-do-less-deceive-yourself/,/blog/2015/11/structured-procrastination-do-less-deceive-yourself/,/mnt/data/kenkyuu_jekyll_blog_clean_frontmatter/_posts/2015-11-01-structured-procrastination-do-less-deceive-yourself.md
1324,https://gdfm.me/2015/11/17/jupyter-keyboard-shortcuts-sowing-seasons/,/blog/2015/11/jupyter-keyboard-shortcuts-sowing-seasons/,/mnt/data/kenkyuu_jekyll_blog_clean_frontmatter/_posts/2015-11-17-jupyter-keyboard-shortcuts-sowing-seasons.md
1326,https://gdfm.me/2015/12/06/matplotlib-scipy-numpy-and-pandas-coming-together-in-perfect-harmony/,/blog/2015/12/matplotlib-scipy-numpy-and-pandas-coming-together-in-perfect-harmony/,/mnt/data/kenkyuu_jekyll_blog_clean_frontmatter/_posts/2015-12-06-matplotlib-scipy-numpy-and-pandas-coming-together-in-perfect-harmony.md
1346,https://gdfm.me/2015/12/31/2015-in-review/,/blog/2015/12/2015-in-review/,/mnt/data/kenkyuu_jekyll_blog_clean_frontmatter/_posts/2015-12-31-2015-in-review.md
